Date,Inversed_Close,Close,Predictions,Position,strat_return,bnh_return,strategy,buy_n_hold
2007-01-08,3.052500009536743,3.052500009536743,3.085291701481765,1,,,1.0,1.0
2007-01-09,3.3060710430145264,3.3060710430145264,3.0721579092487445,0,0.08296995337774503,0.08306995337774503,1.082969953377745,1.083069953377745
2007-01-10,3.464286088943481,3.464286088943481,3.0847955940216707,0,0.04785591231115571,0.04785591231115571,1.082969953377745,1.134901254093438
2007-01-11,3.421428918838501,3.421428918838501,3.3439551682631645,1,-0.012471140548051662,-0.012371140548051662,1.082969953377745,1.120861231170888
2007-01-12,3.379286050796509,3.379286050796509,3.5310268470971096,0,-0.012417329701035828,-0.012317329701035828,1.0695223584103382,1.1070552138374474
2007-01-16,3.467856884002685,3.467856884002685,3.361323281186287,0,0.026209924781389837,0.026209924781389837,1.0695223584103382,1.1360710477209723
2007-01-17,3.391071081161499,3.391071081161499,3.35024354791085,1,-0.022242148713057085,-0.022142148713057086,1.0695223584103382,1.110915993633736
2007-01-18,3.1810710430145264,3.1810710430145264,3.487391149707946,1,-0.06192734776737385,-0.06192734776737385,1.0032896753760794,1.042119912555642
2007-01-19,3.1607139110565186,3.1607139110565186,3.429033245849496,1,-0.0063994584474028615,-0.0063994584474028615,0.9968691647878019,1.035450909478031
2007-01-22,3.0996429920196533,3.0996429920196533,3.1655131481429635,1,-0.019321874979963405,-0.019321874979963405,0.9776077834143914,1.0154440564572071
2007-01-23,3.06071400642395,3.06071400642395,3.143636549880739,1,-0.012559183653062522,-0.012559183653062522,0.9653298277218266,1.0026909080627502
2007-01-24,3.0964291095733643,3.0964291095733643,3.085391793337749,0,0.011568879573345948,0.011668879573345947,0.9764976122472993,1.0143911875182232
2007-01-25,3.080357074737549,3.080357074737549,3.052600830953452,1,-0.0052905063113264485,-0.005190506311326448,0.9764976122472993,1.009125983657256
2007-01-26,3.049285888671875,3.049285888671875,3.097085133208566,1,-0.01008687801829633,-0.01008687801829633,0.9666477999474031,0.9989470529550118
2007-01-29,3.069286108016968,3.069286108016968,3.117577852766317,0,0.0064589846525686554,0.006558984652568656,0.9728913632517027,1.0054991313440724
2007-01-30,3.055356979370117,3.055356979370117,3.053653971351196,1,-0.004638230766583884,-0.004538230766583884,0.9728913632517027,1.0009359442504333
2007-01-31,3.061785936355591,3.061785936355591,3.124053360666494,0,0.0020041590324411,0.0021041590324410997,0.9748411922649475,1.0030420726584228
2007-02-01,3.0264289379119877,3.0264289379119877,3.052905458341229,1,-0.011647834884135688,-0.011547834884135688,0.9748411922649475,0.9914591084215221
2007-02-02,3.026786088943481,3.026786088943481,3.0638415815624285,1,0.00011801071124417639,0.00011801071124417639,0.9749562339673968,0.9915761112160764
2007-02-05,2.997857093811035,2.997857093811035,3.040280829027779,1,-0.009557660925600397,-0.009557660925600397,0.9656379328658361,0.9820989629631477
2007-02-06,3.005357027053833,3.005357027053833,3.044106078654295,0,0.0024017647633307495,0.0025017647633307494,0.9679571680271288,0.9845559435427925
2007-02-07,3.0767860412597656,3.0767860412597656,2.993067935742147,0,0.02376723083578347,0.02376723083578347,0.9679571680271288,1.0079561119237166
2007-02-08,3.07785701751709,3.07785701751709,3.026568244757982,0,0.00034808278605091836,0.00034808278605091836,0.9679571680271288,1.0083069640953721
2007-02-09,2.973928928375244,2.973928928375244,3.0694423736777026,1,-0.03386637983842557,-0.033766379838425564,0.9679571680271288,0.974260088151998
2007-02-12,3.0314290523529053,3.0314290523529053,3.086109843608938,0,0.01923473373523942,0.019334733735239418,0.9865755664212471,0.9930971475452878
2007-02-13,3.025000095367432,3.025000095367432,3.009613554718271,1,-0.0022207677548921165,-0.0021207677548921167,0.9865755664212471,0.9909910191372984
2007-02-14,3.046428918838501,3.046428918838501,3.0522265744484685,0,0.0069839083621470064,0.007083908362147007,0.9934657197694664,0.9980111087045777
2007-02-15,3.043214082717895,3.0432140827178955,3.039641111513447,1,-0.0011552802006065232,-0.0010552802006065232,0.9934657197694664,0.9969579273415764
2007-02-16,3.0296430587768555,3.0296430587768555,3.0777935159226217,1,-0.0044594378088970155,-0.0044594378088970155,0.9890354211768834,0.9925120554665098
2007-02-20,3.067857027053833,3.067857027053833,3.0588674515020102,0,0.012513356601950843,0.012613356601950843,1.0014115740940304,1.0050309639538442
2007-02-21,3.18571400642395,3.18571400642395,3.044310614186088,0,0.03841671183852369,0.03841671183852369,1.0014115740940304,1.0436409488848526
2007-02-22,3.196785926818848,3.196785926818848,3.057213759968363,1,0.0033754910116134853,0.003475491011613485,1.0014115740940304,1.0472681136220536
2007-02-23,3.1810710430145264,3.1810710430145264,3.2099278212808717,1,-0.0049158386467121895,-0.0049158386467121895,0.9964887963768341,1.042119912555641
2007-02-26,3.1610710620880127,3.1610710620880127,3.193042760358366,1,-0.006287184616776353,-0.006287184616776353,0.9902236873454636,1.035567912272585
2007-02-27,2.997499942779541,2.997499942779541,3.1753090945699114,1,-0.0517454736371622,-0.0517454736371622,0.9389840936370354,0.9819819601685928
2007-02-28,3.0217859745025635,3.0217859745025635,3.176157699435862,1,0.00810209580871657,0.00810209580871657,0.9465918327265436,0.9899380720923101
2007-03-01,3.109286069869995,3.109286069869995,3.0477616073076206,0,0.028856417200207474,0.028956417200207474,0.9739070815700097,1.018603131910184
2007-03-02,3.0503571033477788,3.0503571033477783,3.0244315012237166,1,-0.019052571490046476,-0.018952571490046477,0.9739070815700097,0.999297983232671
2007-03-05,3.0828568935394287,3.0828568935394287,3.1157892548180826,0,0.010554421462976239,0.010654421462976238,0.9841861073746768,1.009944925113134
2007-03-06,3.149642944335937,3.149642944335937,3.0366644667528817,0,0.02166368829395493,0.02166368829395493,0.9841861073746768,1.0318240571648467
2007-03-07,3.1328570842742924,3.132857084274292,3.0615177097756714,1,-0.0054294485623620605,-0.00532944856236206,0.9841861073746768,1.0263250039267788
2007-03-08,3.142857074737549,3.142857074737549,3.1530930543613067,0,0.003091971479788558,0.003191971479788558,0.9872291827494835,1.029601004068307
2007-03-09,3.1417860984802246,3.1417860984802246,3.140964532507951,1,-0.00044076518017089884,-0.00034076518017089885,0.9872291827494835,1.0292501518966515
2007-03-12,3.2096428871154785,3.2096428871154785,3.1549860959853504,0,0.02149815675168919,0.02159815675168919,1.008452790470074,1.0514800580140153
2007-03-13,3.1571431159973145,3.1571431159973145,3.143009887825883,1,-0.0164568885899783,-0.016356888589978302,1.008452790470074,1.034281115850496
2007-03-14,3.214286088943481,3.214286088943481,3.1998403029256224,0,0.017999582707106877,0.018099582707106876,1.0266045198783529,1.053001172449231
2007-03-15,3.198929071426392,3.198929071426392,3.161561695741512,1,-0.004877738226200201,-0.004777738226200201,1.0266045198783529,1.0479702084953866
2007-03-16,3.1996428966522217,3.1996428966522217,3.2168298075239363,0,0.00012314506195386664,0.00022314506195386663,1.0267309411555554,1.0482040578724872
2007-03-19,3.254642963409424,3.254642963409424,3.191141015094672,0,0.017189439113580063,0.017189439113580063,1.0267309411555554,1.0662220977038939
2007-03-20,3.26714301109314,3.26714301109314,3.205101653094516,0,0.0038406817043372676,0.0038406817043372676,1.0267309411555554,1.0703171174073054
2007-03-21,3.352499961853028,3.352499961853028,3.2637511288812675,0,0.026125869137062496,0.026125869137062496,1.0267309411555554,1.0982800823518466
2007-03-22,3.355714082717895,3.3557140827178955,3.2834692245101,0,0.0009587236096764151,0.0009587236096764151,1.0267309411555554,1.0993330293968346
2007-03-23,3.3399999141693115,3.3399999141693115,3.344790717669639,1,-0.004782809131300148,-0.004682809131300147,1.0267309411555554,1.0941850626484353
2007-03-26,3.4232139587402344,3.4232139587402344,3.3640301131176784,0,0.024814385242317927,0.024914385242317927,1.052208638269597,1.121446010825648
2007-03-27,3.4092860221862797,3.4092860221862797,3.355544064458172,1,-0.004168672517063554,-0.004068672517063554,1.052208638269597,1.1168832142620313
2007-03-28,3.3299999237060547,3.3299999237060547,3.4416230606043428,1,-0.023255924543808426,-0.023255924543808426,1.0277385535736558,1.0909090625069073
2007-03-29,3.3482139110565186,3.3482139110565186,3.440469828350615,0,0.005369665996326256,0.005469665996326256,1.0332571663378938,1.0968759707111855
2007-03-30,3.318213939666748,3.318213939666748,3.3399601976634585,1,-0.00905999245768142,-0.00895999245768142,1.0332571663378938,1.0870479702866012
2007-04-02,3.3446431159973145,3.3446431159973145,3.348367913566108,0,0.00786488014670338,0.00796488014670338,1.0413836101118636,1.0957061770836511
2007-04-03,3.375,3.375,3.317787675653108,0,0.009076270008447018,0.009076270008447018,1.0413836101118636,1.1056511021967856
2007-04-04,3.366786003112793,3.366786003112793,3.343197951613547,1,-0.00253377685546875,-0.00243377685546875,1.0413836101118636,1.1029601941340357
2007-04-05,3.3814289569854736,3.3814289569854736,3.390624084070623,1,0.0043492380742768955,0.0043492380742768955,1.04591283535889,1.1077572306047752
2007-04-09,3.3446431159973145,3.3446431159973145,3.386363652461569,1,-0.010878785701579075,-0.010878785701579075,1.0345345737604896,1.0957061770836511
2007-04-10,3.3660709857940674,3.3660709857940674,3.3760063212771456,0,0.0063066236825879305,0.006406623682587931,1.0410589940038235,1.1027259542269132
2007-04-11,3.306786060333252,3.306786060333252,3.365313899966168,1,-0.017712500066403025,-0.017612500066403025,1.0410589940038235,1.0833041932848673
2007-04-12,3.2925000190734863,3.2925000190734863,3.3538860211046995,0,-0.004420219391007685,-0.004320219391007685,1.036457284851345,1.078624081502678
2007-04-13,3.2228569984436035,3.2228569984436035,3.291963976809257,1,-0.02125201829200919,-0.02115201829200919,1.036457284851345,1.0558090052005318
2007-04-16,3.26535701751709,3.26535701751709,3.295636912741884,0,0.01308706324668173,0.01318706324668173,1.0500214668906784,1.0697320253285274
2007-04-17,3.2267858982086177,3.226785898208618,3.2192450675270265,1,-0.01191222117568026,-0.01181222117568026,1.0500214668906784,1.0570961140466384
2007-04-18,3.228570938110352,3.228570938110352,3.2878340997949635,1,0.0005531944039809389,0.0005531944039809389,1.0506023328902223,1.057680893701399
2007-04-19,3.223928928375244,3.223928928375244,3.2449643226950684,1,-0.001437790844337039,-0.001437790844337039,1.0490917864749536,1.0561601697962049
2007-04-20,3.248929023742676,3.248929023742676,3.235281523583581,0,0.007654542957630006,0.007754542957630006,1.0571221046210229,1.0643502092030273
2007-04-23,3.339643001556397,3.3396430015563965,3.2322047869670314,0,0.027921194076816258,0.027921194076816258,1.0571221046210229,1.094068137959885
2007-04-24,3.3299999237060547,3.3299999237060547,3.284313477556225,1,-0.0029874576851022347,-0.002887457685102235,1.0571221046210229,1.0909090625069071
2007-04-25,3.405356884002685,3.405356884002685,3.352858991625908,0,0.0225297183252675,0.0226297183252675,1.0809387678735485,1.1155960273099201
2007-04-26,3.52999997138977,3.5299999713897705,3.379431203479726,0,0.03660206305324998,0.03660206305324998,1.0809387678735485,1.156429143443473
2007-04-27,3.568571090698242,3.568571090698242,3.4065604482711933,0,0.010926662782177354,0.010926662782177354,1.0809387678735485,1.169065054725362
2007-04-30,3.56428599357605,3.56428599357605,3.558817568502036,1,-0.0013007879381643605,-0.0012007879381643605,1.0809387678735485,1.1676612555087185
2007-05-01,3.552500009536743,3.552500009536743,3.5691139742089035,1,-0.003306688649717948,-0.003306688649717948,1.077364439918781,1.1638001632884123
2007-05-02,3.585356950759888,3.585356950759888,3.579249362582232,1,0.009248963021798673,0.009248963021798673,1.0873289437845906,1.1745641079634301
2007-05-03,3.585714101791382,3.585714101791382,3.585898943275424,0,-3.861996451636477e-07,9.961380035483636e-05,1.0873285238585384,1.1746811107579849
2007-05-04,3.6003570556640625,3.6003570556640625,3.536797360185574,0,0.004083692524555982,0.004083692524555982,1.0873285238585384,1.1794781472287243
2007-05-07,3.7114291191101074,3.7114291191101074,3.568535182172127,0,0.030850291159680188,0.030850291159680188,1.0873285238585384,1.2158653914872106
2007-05-08,3.752142906188965,3.752142906188965,3.582360913757384,0,0.010969840935186603,0.010969840935186603,1.0873285238585384,1.2292032414304237
2007-05-09,3.817142963409424,3.817142963409424,3.654070200840124,0,0.017323449251691603,0.017323449251691603,1.0873285238585384,1.2504972814033584
2007-05-10,3.833570957183838,3.833570957183838,3.759484332470493,0,0.0043037407642025904,0.0043037407642025904,1.0873285238585384,1.2558790975288585
2007-05-11,3.883570909500122,3.883570909500122,3.8019363348671504,0,0.013042657322564377,0.013042657322564377,1.0873285238585384,1.2722590982364987
2007-05-14,3.90571403503418,3.90571403503418,3.854014562717566,0,0.0057017435885851064,0.0057017435885851064,1.0873285238585384,1.2795131933928878
2007-05-15,3.839999914169312,3.839999914169312,3.901088197768786,1,-0.01692512346664755,-0.01682512346664755,1.0873285238585384,1.257985225936848
2007-05-16,3.833570957183838,3.833570957183838,3.903607901447685,1,-0.0016742075857220096,-0.0016742075857220096,1.0855081101957225,1.2558790975288583
2007-05-17,3.908571004867553,3.9085710048675537,3.844827871066173,0,0.019464017079994667,0.019564017079994667,1.1066364585930448,1.2804491376433211
2007-05-18,3.929286003112793,3.929286003112793,3.838448103202154,0,0.005299890476453406,0.005299890476453406,1.1066364585930448,1.2872353778335
2007-05-21,3.999285936355591,3.999285936355591,3.907206856443281,0,0.017814924438522395,0.017814924438522395,1.1066364585930448,1.3101673788241965
2007-05-22,4.054999828338623,4.054999828338623,3.920614813325301,0,0.013930959893756034,0.013930959893756034,1.1066364585930448,1.3284192680327038
2007-05-23,4.03178596496582,4.03178596496582,4.027478100957524,1,-0.0058247507658498844,-0.005724750765849884,1.1066364585930448,1.3208143988106638
2007-05-24,3.953213930130005,3.953213930130005,4.092716231959912,1,-0.01948814632487106,-0.01948814632487106,1.0850701653595465,1.295074174538645
2007-05-25,4.057857036590576,4.057857036590576,4.064895047816208,0,0.026370387970410237,0.026470387970410236,1.113683886595195,1.3293552903891417
2007-05-29,4.083929061889648,4.083929061889648,3.9559385348479736,0,0.00642507241235335,0.00642507241235335,1.113683886595195,1.337896494391637
2007-05-30,4.241786003112793,4.241786003112793,4.034832676462429,0,0.0386532035280025,0.0386532035280025,1.113683886595195,1.3896104798887579
2007-05-31,4.328214168548584,4.328214168548584,4.0360511860135375,0,0.020375418602533557,0.020375418602533557,1.113683886595195,1.417924375110959
2007-06-01,4.228570938110352,4.228570938110352,4.233593343347366,1,-0.023121788330693126,-0.023021788330693127,1.113683886595195,1.385281220278224
2007-06-04,4.333213806152344,4.333213806152344,4.346253254987005,0,0.024646627069417216,0.024746627069417215,1.141132438021326,1.4195622580227165
2007-06-05,4.381071090698242,4.381071090698242,4.256549192926286,0,0.011044293378265735,0.011044293378265735,1.141132438021326,1.4352403200690327
2007-06-06,4.415713787078857,4.415713787078857,4.302726353093476,0,0.007907357735912557,0.007907357735912557,1.141132438021326,1.4465892787168242
2007-06-07,4.431070804595947,4.431070804595947,4.384196772044561,0,0.0034778108948154696,0.0034778108948154696,1.141132438021326,1.4516202426706688
2007-06-08,4.446071147918701,4.446071147918701,4.416839772554795,0,0.0033852637396800667,0.0033852637396800667,1.141132438021326,1.4565343600419673
2007-06-11,4.292500019073486,4.292500019073486,4.442306622172964,1,-0.03464086174871596,-0.034540861748715956,1.141132438021326,1.4062244080795032
2007-06-12,4.299285888671875,4.299285888671875,4.460375378087974,0,0.0014808665272536437,0.0015808665272536437,1.142822302851955,1.4084474611760431
2007-06-13,4.1964287757873535,4.1964287757873535,4.275201092697898,1,-0.02402423196501958,-0.023924231965019582,1.142822302851955,1.3747514374043246
2007-06-14,4.241071224212647,4.241071224212647,4.280314480992729,0,0.010538199957752948,0.010638199957752947,1.1548655927955886,1.3893763180876402
2007-06-15,4.303571224212647,4.303571224212647,4.19700759407533,0,0.014736842815367579,0.014736842815367579,1.1548655927955886,1.409851338498692
2007-06-18,4.46750020980835,4.46750020980835,4.2485853626458265,0,0.0380913843538615,0.0380913843538615,1.1548655927955886,1.4635545277152517
2007-06-19,4.416429042816162,4.416429042816162,4.252219132200025,1,-0.011531710037765885,-0.011431710037765885,1.1548655927955886,1.4468235967299516
2007-06-20,4.341071128845215,4.341071128845215,4.49847991247907,1,-0.017063087222815354,-0.017063087222815354,1.1351600204550891,1.422136319502921
2007-06-21,4.425000190734863,4.425000190734863,4.4134366494513415,0,0.019233721885357536,0.019333721885357535,1.156993372583899,1.4496315075872566
2007-06-22,4.392857074737549,4.392857074737549,4.369165586367672,1,-0.007363980703236195,-0.007263980703236195,1.156993372583899,1.4391014122893395
2007-06-25,4.369286060333252,4.369286060333252,4.411639347863456,1,-0.005365759459794228,-0.005365759459794228,1.1507852244500376,1.4313795402727447
2007-06-26,4.273213863372803,4.273213863372803,4.372486024894442,1,-0.02198807668663416,-0.02198807668663416,1.1254816706849846,1.3999062571735486
2007-06-27,4.353213787078857,4.353213787078857,4.344160029650993,0,0.018621254368231355,0.018721254368231355,1.1464395511615917,1.4261142583057733
2007-06-28,4.305714130401611,4.305714130401611,4.281541694183488,1,-0.011011399945078281,-0.010911399945078282,1.1464395511615917,1.4105533552660203
2007-06-29,4.3585710525512695,4.3585710525512695,4.336883786902945,0,0.012175994306367944,0.012275994306367943,1.1603985926091303,1.427869300224094
2007-07-02,4.330714225769043,4.330714225769043,4.293748548793701,1,-0.006491275132688446,-0.006391275132688445,1.1603985926091303,1.4187433946728425
2007-07-03,4.541786193847656,4.541786193847656,4.384096680188577,0,0.04863837364346789,0.04873837364346789,1.2168384929318075,1.4878906403466094
2007-07-05,4.741071224212647,4.741071224212647,4.34345503483928,0,0.04387811796049412,0.04387811796049412,1.2168384929318075,1.5531764813760531
2007-07-06,4.724999904632568,4.724999904632568,4.573627137223866,0,-0.003389807665829303,-0.003389807665829303,1.2168384929318075,1.5479115118330988
2007-07-09,4.654643058776856,4.654643058776856,4.705513388852069,1,-0.01499033804778106,-0.01489033804778106,1.2168384929318075,1.524862586153852
2007-07-10,4.726786136627197,4.726786136627197,4.703576829029771,0,0.015399164369716212,0.015499164369716212,1.2355767888958622,1.5484966820178812
2007-07-11,4.728213787078857,4.728213787078857,4.6399358159033,1,0.00020203406932205469,0.0003020340693220547,1.2355767888958622,1.5489643807720828
2007-07-12,4.788214206695557,4.788214206695557,4.776678698456635,0,0.012589870280541583,0.012689870280541582,1.2511325403897093,1.5686205378332598
2007-07-13,4.918929100036621,4.918929100036621,4.725266299039504,0,0.027299299425301404,0.027299299425301404,1.2511325403897093,1.6114427795802473
2007-07-16,4.932143211364746,4.932143211364746,4.764532769323978,0,0.0026863797097678166,0.0026863797097678166,1.2511325403897093,1.6157717267667635
2007-07-17,4.961071014404297,4.961071014404297,4.859589569769923,0,0.005865158775782309,0.005865158775782309,1.2511325403897093,1.6252484844896706
2007-07-18,4.932857036590575,4.932857036590576,4.957205240273197,1,-0.0057870739668516415,-0.005687073966851641,1.2511325403897093,1.6160055761438643
2007-07-19,5.0,5.0,4.99404774691493,0,0.013511374282971545,0.013611374282971545,1.2680370604205198,1.6380016328841276
2007-07-20,5.1339287757873535,5.1339287757873535,4.895970783510165,0,0.026785755157470614,0.026785755157470614,1.2680370604205198,1.681876743570099
2007-07-23,5.132143020629883,5.132143020629883,4.984273559587109,1,-0.00044783403421811964,-0.00034783403421811965,1.2680370604205198,1.6812917295973253
2007-07-24,4.817500114440918,4.817500114440918,5.157201823988544,1,-0.061308288744912565,-0.061308288744912565,1.1902958781810085,1.578214610774739
2007-07-25,4.9021430015563965,4.9021430015563965,5.14453367647684,0,0.01746987755158601,0.01756987755158601,1.2110902014229883,1.605943648236175
2007-07-26,5.214285850524902,5.214285850524902,4.809856972805392,0,0.0636747742506496,0.0636747742506496,1.2110902014229883,1.7082017474968783
2007-07-27,5.137499809265137,5.137499809265137,4.904117390223291,1,-0.014826089719848345,-0.014726089719848345,1.2110902014229883,1.6830466153036374
2007-07-30,5.051071166992188,5.051071166992188,5.225068454165466,1,-0.01682309401103632,-0.01682309401103632,1.1907159171086044,1.654732563869428
2007-07-31,4.705714225769043,4.705714225769043,5.139685749191358,1,-0.06837301035867183,-0.06837301035867183,1.1093030853739023,1.541593517139152
2007-08-01,4.8214287757873535,4.8214287757873535,5.041835080417513,1,0.024590220414287822,0.024590220414287822,1.1365810927494961,1.5795016415148408
2007-08-02,4.874642848968507,4.874642848968506,4.838735649166665,0,0.01093699248828205,0.01103699248828205,1.1490118716232207,1.5969345892674693
2007-08-03,4.708929061889648,4.708929061889648,4.743509127747529,1,-0.03409506224623683,-0.03399506224623683,1.1490118716232207,1.542646698502153
2007-08-06,4.830357074737549,4.830357074737549,4.790700261934035,0,0.025686757721759424,0.025786757721759423,1.1785262611890317,1.5824265551667
2007-08-07,4.822500228881836,4.822500228881836,4.643695788232435,0,-0.0016265559117365491,-0.0016265559117365491,1.1785262611890317,1.5798526498985048
2007-08-08,4.7860708236694345,4.786070823669434,4.73032746549643,1,-0.007654049452237921,-0.007554049452237921,1.1785262611890317,1.5679183648539223
2007-08-09,4.513928890228272,4.513928890228272,4.801349165046759,1,-0.05686124244030988,-0.05686124244030988,1.1115137937292903,1.4787645785833492
2007-08-10,4.464285850524902,4.464285850524902,4.743100056683943,1,-0.0109977451817721,-0.0109977451817721,1.0992896482598307,1.462501502564259
2007-08-13,4.563929080963136,4.563929080963135,4.48013699191506,0,0.022220082937009156,0.022320082937009156,1.1237159554159597,1.4951446573969938
2007-08-14,4.429643154144287,4.429643154144287,4.481612258835867,1,-0.029523315839629315,-0.029423315839629316,1.1237159554159597,1.4511525439164676
2007-08-15,4.2821431159973145,4.2821431159973145,4.5054123614609125,1,-0.03329840192860112,-0.03329840192860112,1.086298009878937,1.402831483249425
2007-08-16,4.180356979370117,4.180356979370117,4.396442793033202,1,-0.023769905365129573,-0.023769905365129573,1.0604768089857861,1.3694863116493619
2007-08-17,4.359285831451416,4.359285831451416,4.280497257425395,0,0.04270229008295344,0.04280229008295344,1.105761597309342,1.4281034620252118
2007-08-20,4.364999771118164,4.364999771118164,4.2115078577335225,0,0.0013107513220451672,0.0013107513220451672,1.105761597309342,1.4299753505260786
2007-08-21,4.556070804595947,4.556070804595947,4.322931852542752,0,0.04377343493624908,0.04377343493624908,1.105761597309342,1.4925702834927719
2007-08-22,4.732500076293945,4.732500076293945,4.281376325030124,0,0.03872399689662953,0.03872399689662953,1.105761597309342,1.5503685705187473
2007-08-23,4.681070804595947,4.681070804595947,4.608990025124967,1,-0.010967252164583729,-0.01086725216458373,1.105761597309342,1.533520324314875
2007-08-24,4.83214282989502,4.83214282989502,4.76483304489193,0,0.03217296309014349,0.03227296309014349,1.1413372243660735,1.5830115691394737
2007-08-27,4.723214149475098,4.723214149475098,4.708516144531586,1,-0.02264252083485897,-0.02254252083485897,1.1413372243660735,1.5473264978603243
2007-08-28,4.529285907745361,4.529285907745361,4.800883520325442,1,-0.041058532514619994,-0.041058532514619994,1.094475592829293,1.4837955425371931
2007-08-29,4.788570880889893,4.788570880889893,4.798276780250035,0,0.05714632501144122,0.057246325011441224,1.1570208507742057,1.568737384415805
2007-08-30,4.866071224212647,4.866071224212647,4.4852460283900655,0,0.016184441089102553,0.016184441089102553,1.1570208507742057,1.5941265221981555
2007-08-31,4.945713996887207,4.945713996887207,4.707214950403795,0,0.016366955805799277,0.016366955805799277,1.1570208507742057,1.6202175205358254
2007-09-04,5.148571014404297,5.148571014404297,4.855324786341043,0,0.04101673037396947,0.04101673037396947,1.1570208507742057,1.6866735457228246
2007-09-05,4.884285926818848,4.884285926818848,4.908504024607282,1,-0.051431735902263256,-0.051331735902263254,1.1570208507742057,1.6000936647204467
2007-09-06,4.821785926818848,4.821785926818848,5.141631012653306,1,-0.012796138665187917,-0.012796138665187917,1.1422154515291854,1.5796186443093951
2007-09-07,4.706070899963379,4.706070899963379,4.935563640281544,1,-0.02399837500289259,-0.02399837500289259,1.1148041367892896,1.5417103637216976
2007-09-10,4.882500171661377,4.882500171661377,4.801170740433918,0,0.03738971816369595,0.03748971816369595,1.1564863492715636,1.5995086507476732
2007-09-11,4.838929176330566,4.838929176330566,4.61379008239237,0,-0.008923910660301071,-0.008923910660301071,1.1564863492715636,1.5852347784480223
2007-09-12,4.887499809265137,4.887499809265137,4.834740678566959,0,0.01003747547539069,0.01003747547539069,1.1564863492715636,1.6011465336594306
2007-09-13,4.900000095367432,4.900000095367432,4.800709447532427,1,0.0024576033943977007,0.0025576033943977006,1.1564863492715636,1.605241631468846
2007-09-14,4.957499980926514,4.957499980926514,4.9201451426401945,0,0.011634670293872763,0.011734670293872762,1.1699416866447028,1.6240786127561313
2007-09-17,4.943213939666749,4.943213939666748,4.86948125623303,1,-0.002981702736203695,-0.002881702736203695,1.1699416866447028,1.619398500973942
2007-09-18,5.0328569412231445,5.0328569412231445,4.956809224669087,0,0.01803455833603661,0.01813455833603661,1.1910410682422576,1.648765577559144
2007-09-19,5.027500152587891,5.027500152587891,4.916916092329757,1,-0.0011643633820340837,-0.0010643633820340836,1.1910410682422576,1.6470106918528318
2007-09-20,5.01107120513916,5.01107120513916,5.105158410696731,0,-0.0033678163998212105,-0.0032678163998212106,1.187029860599771,1.6416285633033143
2007-09-21,5.148213863372803,5.148213863372803,4.956465430902881,0,0.027367932447855514,0.027367932447855514,1.187029860599771,1.6865565429282696
2007-09-24,5.295713901519775,5.295713901519775,4.963271677109788,0,0.028650720825016185,0.028650720825016185,1.187029860599771,1.734877603595312
2007-09-25,5.470714092254638,5.470714092254639,5.116390457666057,0,0.03304562783964626,0.03304562783964626,1.187029860599771,1.79220772323106
2007-09-26,5.456070899963379,5.456070899963379,5.34815967792656,1,-0.002776650990040108,-0.002676650990040108,1.187029860599771,1.787410608654316
2007-09-27,5.517857074737549,5.517857074737549,5.468104535953898,0,0.011224298365438246,0.011324298365438246,1.2003534379238272,1.807651779688267
2007-09-28,5.481070995330811,5.4810709953308105,5.446132197655516,0,-0.006666732919769935,-0.006666732919769935,1.2003534379238272,1.7956006480611384
2007-10-01,5.583570957183838,5.583570957183838,5.480446296978698,0,0.01870071778678728,0.01870071778678728,1.2003534379238272,1.829179669038302
2007-10-02,5.658928871154785,5.658928871154785,5.435783570110743,0,0.01349636541718735,0.01349636541718735,1.2003534379238272,1.8538669462653328
2007-10-03,5.639999866485596,5.639999866485596,5.6294395523405,1,-0.0034449801367315677,-0.003344980136731568,1.2003534379238272,1.847665798153932
2007-10-04,5.579999923706056,5.579999923706055,5.65524584390505,1,-0.010638287978706695,-0.010638287978706695,1.187583732374963,1.8280097973047635
2007-10-05,5.76607084274292,5.76607084274292,5.588780499711902,0,0.03324604329407997,0.033346043294079974,1.227066192556846,1.8889666911476906
2007-10-08,5.996786117553711,5.996786117553711,5.578170762977607,0,0.04001256333871894,0.04001256333871894,1.227066192556846,1.9645490905219678
2007-10-09,5.994999885559082,5.994999885559082,5.764437355143855,0,-0.0002978648828911856,-0.0002978648828911856,1.227066192556846,1.9639639203371855
2007-10-10,5.956786155700683,5.956786155700684,5.984569809191271,1,-0.006474266987135169,-0.006374266987135169,1.227066192556846,1.9514450899558555
2007-10-11,5.793929100036621,5.793929100036621,6.03321009937963,1,-0.02733975190769733,-0.02733975190769733,1.193518507278019,1.8980930653349684
2007-10-12,5.973214149475098,5.973214149475098,5.956261221227123,0,0.03084360430426102,0.03094360430426102,1.2303309198463146,1.9568269060813555
2007-10-15,5.963571071624756,5.963571071624756,5.865055781326646,0,-0.0016143867621403185,-0.0016143867621403185,1.2303309198463146,1.9536678306283777
2007-10-16,6.056428909301758,6.056428909301758,5.920389170406452,0,0.015570844475859102,0.015570844475859102,1.2303309198463146,1.9840880885765813
2007-10-17,6.169642925262451,6.169642925262451,5.871022126307253,0,0.01869319654471857,0.01869319654471857,1.2303309198463146,2.0211770371783784
2007-10-18,6.1964287757873535,6.1964287757873535,6.042000775426914,0,0.004341556042931405,0.004341556042931405,1.2303309198463146,2.029952090557974
2007-10-19,6.086429119110107,6.086429119110107,6.167602999227256,1,-0.01785210539126526,-0.01775210539126526,1.2303309198463146,1.99391616710717
2007-10-22,6.227142810821533,6.227142810821533,6.25820788799183,0,0.023019252513697176,0.023119252513697175,1.2586522179656663,2.040014018465664
2007-10-23,6.648571014404297,6.648571014404297,6.034097870624009,0,0.06767601392574552,0.06767601392574552,1.2586522179656663,2.1780740355880623
2007-10-24,6.64035701751709,6.64035701751709,6.225508313823866,0,-0.001235452982213947,-0.001235452982213947,1.2586522179656663,2.175383127525312
2007-10-25,6.527856826782227,6.527856826782227,6.5731273296560175,1,-0.017041888883096334,-0.016941888883096334,1.2586522179656663,2.1385280283006156
2007-10-26,6.596428871154785,6.596428871154785,6.590430165281759,0,0.010404526400031412,0.010504526400031411,1.2717478981959482,2.1609922524311065
2007-10-29,6.61035680770874,6.61035680770874,6.482861882837824,1,0.0020114358732585716,0.0021114358732585714,1.2717478981959482,2.1655550489947233
2007-10-30,6.678571224212647,6.678571224212647,6.653192110803502,0,0.010219324431074196,0.010319324431074195,1.2847443025621494,2.1879021141186508
2007-10-31,6.783928871154785,6.783928871154785,6.602432484360179,0,0.015775477030202545,0.015775477030202545,1.2847443025621494,2.2224173136642613
2007-11-01,6.694285869598389,6.694285869598389,6.670316521816403,1,-0.013314024388958134,-0.013214024388958134,1.2847443025621494,2.193050237079059
2007-11-02,6.709642887115479,6.709642887115479,6.783633558249676,0,0.002194048658249448,0.002294048658249448,1.2875630940753795,2.198081201032904
2007-11-05,6.649285793304443,6.649285793304443,6.531771985855357,0,-0.008995574701440523,-0.008995574701440523,1.2875630940753795,2.17830819738918
2007-11-06,6.849643230438232,6.849643230438232,6.596418269361493,0,0.030132174095380382,0.030132174095380382,1.2875630940753795,2.2439453592263052
2007-11-07,6.653571128845215,6.653571128845215,6.602615260792845,1,-0.0287251553543283,-0.028625155354328302,1.2875630940753795,2.179712074711828
2007-11-08,6.266786098480225,6.266786098480225,6.90212926027516,1,-0.05813194491724327,-0.05813194491724327,1.2127145472131142,2.05300117244923
2007-11-09,5.906071186065674,5.906071186065674,6.7236480737765305,1,-0.05755979328894423,-0.05755979328894423,1.1429109485570317,1.9348308493410922
2007-11-12,5.491428852081299,5.491428852081299,6.320795760720557,1,-0.07020611857213133,-0.07020611857213133,1.0626716069852495,1.7989938853152339
2007-11-13,6.070000171661377,6.070000171661377,5.860003318509371,0,0.10525897580841724,0.10535897580841724,1.1745273319572018,1.9885340385576522
2007-11-14,5.932499885559082,5.932499885559082,5.484872097741118,1,-0.022752435290567818,-0.02265243529056782,1.1745273319572018,1.9434888999261335
2007-11-15,5.867856979370117,5.867856979370117,5.952905968141749,0,-0.010996402433368534,-0.010896402433368535,1.1616117567460098,1.9223118627477536
2007-11-16,5.942500114440918,5.942500114440918,5.846382122455907,0,0.012720680707322352,0.012720680707322352,1.1616117567460098,1.9467649781736658
2007-11-19,5.8553571701049805,5.8553571701049805,5.89074457375591,1,-0.014764357199450583,-0.014664357199450584,1.1616117567460098,1.9182169211503466
2007-11-20,6.0303568840026855,6.0303568840026855,5.904135123358628,0,0.029787111719022253,0.029887111719022252,1.196212815918333,1.975546884574086
2007-11-21,6.0164289474487305,6.0164289474487305,5.9568922351018045,0,-0.002309637194260139,-0.002309637194260139,1.196212815918333,1.970984088010469
2007-11-23,6.126429080963135,6.126429080963135,5.871640084722458,0,0.018283293042303805,0.018283293042303805,1.196212815918333,2.007020167673282
2007-11-26,6.162143230438232,6.162143230438232,6.007834637977794,0,0.005829521406862215,0.005829521406862215,1.196212815918333,2.0187201347047377
2007-11-27,6.243214130401611,6.243214130401611,5.962802006424681,0,0.013156282957352383,0.013156282957352383,1.196212815918333,2.0452789880086177
2007-11-28,6.436429023742675,6.436429023742676,5.989191441845833,0,0.03094798437237567,0.03094798437237567,1.196212815918333,2.108576250166657
2007-11-29,6.581786155700683,6.581786155700684,6.190315146895955,0,0.02258350576411461,0.02258350576411461,1.196212815918333,2.1561952940663707
2007-11-30,6.507856845855712,6.507856845855713,6.415722006571741,1,-0.011332408360903445,-0.011232408360903445,1.196212815918333,2.131976028017559
2007-12-03,6.387856960296631,6.387856960296631,6.523668897340485,1,-0.018439232515616744,-0.018439232515616744,1.1741555696674542,2.092664026319222
2007-12-04,6.421785831451416,6.421785831451416,6.487701106483655,1,0.005311463823574725,0.005311463823574725,1.1803920544989916,2.103779135589913
2007-12-05,6.625,6.625,6.42278065832852,0,0.03154449483091136,0.03164449483091136,1.217626925560584,2.170352163571467
2007-12-06,6.783928871154785,6.783928871154785,6.378766352614548,0,0.02398926357053366,0.02398926357053366,1.217626925560584,2.222417313664261
2007-12-07,6.939286231994629,6.939286231994629,6.60631865946425,0,0.02290079447920257,0.02290079447920257,1.217626925560584,2.2733124358115075
2007-12-10,6.936070919036865,6.936070919036865,6.760072805715026,0,-0.00046334923366309066,-0.00046334923366309066,1.217626925560584,2.2722590982364976
2007-12-11,6.73357105255127,6.7335710525512695,6.877223795414466,1,-0.029295183966445714,-0.029195183966445715,1.217626925560584,2.205920075844053
2007-12-12,6.816429138183594,6.816429138183594,6.919157931251903,0,0.01220522184820937,0.012305221848209369,1.2324883323154041,2.233064411756733
2007-12-13,6.851070880889893,6.851070880889893,6.720297172510982,0,0.00508209533232673,0.00508209533232673,1.2324883323154041,2.244413057980507
2007-12-14,6.799643039703369,6.799643039703369,6.7793209048027165,0,-0.007506540522004279,-0.007506540522004279,1.2324883323154041,2.2275652804126604
2007-12-17,6.585713863372802,6.585713863372803,6.788229079985285,1,-0.03156182455188107,-0.03146182455188107,1.2324883323154041,2.1574820123824554
2007-12-18,6.534999847412109,6.534999847412109,6.7634280588004,1,-0.007700610292643462,-0.007700610292643462,1.2229974199780131,2.14086808419171
2007-12-19,6.539999961853027,6.539999961853027,6.644018474611585,1,0.0007651284709513373,0.0007651284709513373,1.2239331701239384,2.142506123315476
2007-12-20,6.686070919036865,6.686070919036865,6.56939782006566,0,0.02223500887398332,0.02233500887398332,1.2511473350228068,2.190359016592291
2007-12-21,6.925356864929199,6.925356864929199,6.417793472808626,0,0.03578872386935483,0.03578872386935483,1.2511473350228068,2.2687491706118643
2007-12-24,7.099999904632568,7.099999904632568,6.6094867842971325,0,0.02521791195884515,0.02521791195884515,1.2511473350228068,2.3259622874530574
2007-12-26,7.1053571701049805,7.1053571701049805,6.886723818093287,1,0.0006545444428691539,0.0007545444428691539,1.2511473350228068,2.3277173293713784
2007-12-27,7.091785907745361,7.091785907745361,7.129307310619879,1,-0.0019100042453487065,-0.0019100042453487065,1.2487576383013566,2.3232713793903073
2007-12-28,7.136785984039306,7.136785984039307,7.122109400628688,0,0.006245379976121057,0.006345379976121057,1.256556604250632,2.338013419080186
2007-12-31,7.074285984039308,7.074285984039307,7.116130000188605,1,-0.008857443496242522,-0.008757443496242523,1.256556604250632,2.3175383986691345
2008-01-02,6.958570957183838,6.958570957183838,7.10069844708778,1,-0.01635713160544261,-0.01635713160544261,1.2360029425052164,2.2796301180814367
2008-01-03,6.961785793304443,6.961785793304443,7.015489814906687,0,0.0003619965996446318,0.0004619965996446318,1.236450371367554,2.280683299444438
2008-01-04,6.430356979370117,6.430356979370117,6.918204882710143,1,-0.07643512861677416,-0.07633512861677416,1.236450371367554,2.106587046447218
2008-01-07,6.34428596496582,6.34428596496582,6.929393411481215,1,-0.01338510671809201,-0.01338510671809201,1.219900351195175,2.0783901540195715
2008-01-08,6.116071224212647,6.116071224212647,6.428194322191303,1,-0.03597169831457969,-0.03597169831457969,1.1760184637881324,2.0036269304191867
2008-01-09,6.4071431159973145,6.4071431159973145,6.242624021197116,0,0.04749131820315554,0.04759131820315554,1.2318691308646808,2.098982177225178
2008-01-10,6.35785722732544,6.35785722732544,6.11046795673974,1,-0.007792334598991102,-0.007692334598991102,1.2318691308646808,2.082836104000643
2008-01-11,6.167500019073486,6.167500019073486,6.509442798331293,1,-0.029940466016414757,-0.029940466016414757,1.1949863950153563,2.02047502041105
2008-01-14,6.385000228881836,6.385000228881836,6.3046287500692415,0,0.03516553857084935,0.03526553857084935,1.2370087351809091,2.0917281601747937
2008-01-15,6.037143230438233,6.037143230438232,6.296725845266337,1,-0.05458034236085242,-0.05448034236085242,1.2370087351809091,1.977770093882635
2008-01-16,5.701428890228272,5.701428890228272,6.2712764029274695,1,-0.05560814567349448,-0.05560814567349448,1.168220973235584,1.8677899663933286
2008-01-17,5.746070861816406,5.746070861816406,6.159347597018495,0,0.007729962005602819,0.00782996200560282,1.1772512769728434,1.8824146908646346
2008-01-18,5.762856960296631,5.762856960296631,5.705957600330294,1,0.0028213176941083054,0.0029213176941083052,1.1772512769728434,1.8879138222087068
2008-01-22,5.558570861816406,5.558570861816406,5.835467758333834,1,-0.03544875395791702,-0.03544875395791702,1.1355191861087894,1.8209896296314796
2008-01-23,4.966785907745361,4.966785907745361,5.963968294137885,1,-0.10646350811792371,-0.10646350811792371,1.014627830020438,1.6271206854145537
2008-01-24,4.8428568840026855,4.8428568840026855,5.528438166013075,1,-0.024951553387758674,-0.024951553387758674,0.9893112895509774,1.586521496764106
2008-01-25,4.643214225769043,4.643214225769043,4.852269808823621,1,-0.04122414992132395,-0.04122414992132395,0.9485277726316695,1.521118496728099
2008-01-28,4.643214225769043,4.643214225769043,4.842974321676593,1,0.0,0.0,0.9485277726316695,1.521118496728099
2008-01-29,4.697856903076171,4.697856903076172,4.783859201168525,1,0.011768286934484173,0.011768286934484173,0.9596903196253261,1.5390194556589465
2008-01-30,4.720714092254639,4.720714092254639,4.7044123784362455,1,0.004865450278721761,0.004865450278721761,0.9643596451584338,1.5465074782984405
2008-01-31,4.834286212921143,4.834286212921143,4.824731492968567,0,0.023958250181438368,0.024058250181438368,0.9874640148020226,1.5837137421188097
2008-02-01,4.776785850524902,4.776785850524902,4.777139991358126,1,-0.011994281774743164,-0.011894281774743165,0.9874640148020226,1.5648766046195155
2008-02-04,4.701786041259766,4.701786041259766,5.025507052432658,1,-0.015700894202090976,-0.015700894202090976,0.9719599467772441,1.5403066426110572
2008-02-05,4.619999885559082,4.619999885559082,5.105127947957953,1,-0.017394699585005058,-0.017394699585005058,0.9550529954943964,1.5135134712940501
2008-02-06,4.357142925262451,4.357142925262451,5.064220841599308,1,-0.05689544736099528,-0.05689544736099528,0.9007148280622841,1.4274014452578823
2008-02-07,4.329999923706055,4.329999923706055,4.886179188903043,1,-0.006229541243419678,-0.006229541243419678,0.8951037878923104,1.4185093890837315
2008-02-08,4.481429100036621,4.481429100036621,4.561463800811907,0,0.0348720967664493,0.0349720967664493,0.9263179337997064,1.4681176367028845
2008-02-11,4.623213768005371,4.623213768005371,4.419385587152647,0,0.0316382709184424,0.0316382709184424,0.9263179337997064,1.5145663402330338
2008-02-12,4.459286212921143,4.459286212921143,4.572256313978869,1,-0.03555748981340158,-0.03545748981340158,0.9263179337997064,1.4608636196525002
2008-02-13,4.621428966522217,4.621428966522217,4.863410467576614,0,0.03626069672568953,0.036360696725689534,0.959906867468785,1.513981638684278
2008-02-14,4.552143096923828,4.552143096923828,4.511713796568074,1,-0.015092304350082585,-0.014992304350082586,0.959906867468785,1.4912835651766865
2008-02-15,4.451070785522461,4.451070785522461,4.57417111470204,1,-0.022203236859945852,-0.022203236859945852,0.9385938279268868,1.458172242953724
2008-02-19,4.363571166992188,4.363571166992188,4.664897854421724,1,-0.019658105374300794,-0.019658105374300794,0.9201428515538318,1.4295073393478592
2008-02-20,4.42214298248291,4.42214298248291,4.53242845893692,0,0.01332290826692194,0.01342290826692194,0.9324018303575475,1.4486954852308171
2008-02-21,4.340713977813721,4.340713977813721,4.418724110539188,1,-0.018513923971194012,-0.018413923971194013,0.9324018303575475,1.4220193167083648
2008-02-22,4.2664289474487305,4.2664289474487305,4.444939473167324,1,-0.01711355107585444,-0.01711355107585444,0.9164451240105035,1.3976835165010246
2008-02-25,4.276429176330566,4.276429176330566,4.297395373807376,1,0.002343934237511558,0.002343934237511558,0.9185932111134723,1.400959594748557
2008-02-26,4.255356788635254,4.255356788635254,4.286359158730193,1,-0.004927566160091046,-0.004927566160091046,0.9140667822915002,1.394056273657819
2008-02-27,4.3914289474487305,4.3914289474487305,4.283643623159151,1,0.03197667447695185,0.03197667447695185,0.9432955982390303,1.4386335573231277
2008-02-28,4.63964319229126,4.63964319229126,4.402396082554333,0,0.056422432177055434,0.05652243217705544,0.996518630153587,1.5199486249945602
2008-02-29,4.465000152587891,4.465000152587891,4.4292032926787215,1,-0.03774148070557183,-0.03764148070557183,0.996518630153587,1.462735508153367
2008-03-03,4.347499847412109,4.347499847412109,4.594572446043458,1,-0.026315856922799585,-0.026315856922799585,0.9702943884615609,1.4242423698049045
2008-03-04,4.450714111328125,4.450714111328125,4.405181247242581,0,0.02364106211353988,0.02374106211353988,0.9932331783675998,1.458055396371178
2008-03-05,4.446071147918701,4.446071147918701,4.386868789417349,1,-0.0011431951577403176,-0.0010431951577403176,0.9932331783675998,1.4565343600419665
2008-03-06,4.318929195404053,4.318929195404053,4.46015343527688,1,-0.02859647276993449,-0.02859647276993449,0.9648302128282152,1.4148826148765523
2008-03-07,4.366071224212647,4.366071224212647,4.576608133804257,0,0.010815212237968764,0.010915212237968763,0.975265056353557,1.4303263589097421
2008-03-10,4.2746429443359375,4.2746429443359375,4.349826099063648,1,-0.02104062949996822,-0.020940629499968222,0.975265056353557,1.4003744245637746
2008-03-11,4.548213958740234,4.548213958740234,4.276994042465958,0,0.0638985650185797,0.0639985650185797,1.0375830939673136,1.4899963782245755
2008-03-12,4.501070976257324,4.501070976257324,4.21192563243676,1,-0.010465163756712925,-0.010365163756712925,1.0375830939673136,1.4745523217673686
2008-03-13,4.56928586959839,4.569285869598389,4.598993894986052,0,0.015055258315385556,0.015155258315385556,1.0532041754706685,1.4968995431033045
2008-03-14,4.521786212921143,4.521786212921143,4.527067016912042,1,-0.010495422399216425,-0.010395422399216425,1.0532041754706685,1.4813386400635515
2008-03-17,4.526071071624756,4.526071071624756,4.643034311618976,0,0.0008476031156381292,0.0009476031156381293,1.0540968746112005,1.482742361174191
2008-03-18,4.743570804595947,4.743570804595947,4.419037441566616,0,0.048054864700371125,0.048054864700371125,1.0540968746112005,1.5539953447259256
2008-03-19,4.631071090698242,4.631071090698242,4.43143142442932,1,-0.023816250590948617,-0.023716250590948618,1.0540968746112005,1.517140401713238
2008-03-20,4.759643077850342,4.759643077850342,4.727285543438484,0,0.027662905089136592,0.02776290508913659,1.0832562564083257,1.5592606266928972
2008-03-24,4.983213901519775,4.983213901519775,4.687005099134694,0,0.046972182580213184,0.046972182580213184,1.0832562564083257,1.6325025015400536
2008-03-25,5.034999847412109,5.034999847412109,4.788593981138547,0,0.010392077666290911,0.010392077666290911,1.0832562564083257,1.649467594326472
2008-03-26,5.180714130401611,5.180714130401611,4.902785733356723,0,0.028940275552221895,0.028940275552221895,1.0832562564083257,1.6972036410207407
2008-03-27,5.0089287757873535,5.0089287757873535,5.134337362625956,1,-0.03325862452363128,-0.033158624523631275,1.0832562564083257,1.6409267027479941
2008-03-28,5.107500076293945,5.107500076293945,5.120550797419128,0,0.0195791180148288,0.0196791180148288,1.104465458492846,1.6732186929850559
2008-03-31,5.125,5.125,5.105023504282144,0,0.003426318833998465,0.003426318833998465,1.104465458492846,1.6789516737062289
2008-04-01,5.340356826782227,5.340356826782227,5.122361154466489,0,0.04202084425019059,0.04202084425019059,1.104465458492846,1.749502640490635
2008-04-02,5.267499923706055,5.267499923706055,5.0745259509458265,1,-0.013742703182452087,-0.013642703182452087,1.104465458492846,1.7256346952495052
2008-04-03,5.414642810821533,5.414642810821533,5.40954644838348,0,0.027834103321629156,0.027934103321629156,1.1352072641797064,1.773838753121993
2008-04-04,5.467143058776856,5.467143058776856,5.24581357927309,1,0.009595976224026737,0.009695976224026737,1.1352072641797064,1.7910378514975211
2008-04-07,5.567500114440918,5.567500114440918,5.548108391623828,0,0.01825639832086522,0.01835639832086522,1.1559320601713108,1.8239148557073563
2008-04-08,5.458570957183838,5.458570957183838,5.520500446651568,1,-0.019665182760309385,-0.019565182760309385,1.1559320601713108,1.7882296282161987
2008-04-09,5.408570766448974,5.408570766448975,5.643604725872137,0,-0.009259941517121738,-0.009159941517121739,1.1452281968963585,1.771849549402554
2008-04-10,5.51964282989502,5.51964282989502,5.402722794897272,0,0.020536305845355596,0.020536305845355596,1.1452281968963585,1.8082367936610402
2008-04-11,5.255000114440919,5.255000114440918,5.42267153697685,1,-0.04804562322416352,-0.047945623224163514,1.1452281968963585,1.7215397536520984
2008-04-14,5.277856826782227,5.277856826782227,5.51110051582873,1,0.004349517001626335,0.004349517001626335,1.150209386409501,1.7290276200795838
2008-04-15,5.299285888671875,5.299285888671875,5.293996928379784,1,0.004060182493186959,0.004060182493186959,1.1548794464237002,1.7360477877528675
2008-04-16,5.489285945892334,5.489285945892334,5.329821109182376,0,0.03575389828214702,0.03585389828214702,1.1961708886792755,1.7982918685479052
2008-04-17,5.517499923706055,5.517499923706055,5.357498683271842,0,0.005139826580692786,0.005139826580692786,1.1961708886792755,1.8075347768937116
2008-04-18,5.751429080963135,5.751429080963135,5.42817223723614,0,0.04239767294821317,0.04239767294821317,1.1961708886792755,1.8841700452069725
2008-04-21,6.005713939666748,6.005713939666748,5.53668921640201,0,0.04421246530628009,0.04421246530628009,1.1961708886792755,1.967473847961818
2008-04-22,5.721428871154785,5.721428871154785,5.778476325900556,1,-0.04743576580035004,-0.04733576580035004,1.1961708886792755,1.8743419666763839
2008-04-23,5.817500114440918,5.817500114440918,6.02148194495021,0,0.01669147734764075,0.01679147734764075,1.216136747971573,1.9058149373515627
2008-04-24,6.033570766448974,6.033570766448975,5.731128526200337,0,0.03714149510228615,0.03714149510228615,1.216136747971573,1.9765997535130695
2008-04-25,6.06178617477417,6.06178617477417,5.852492077490751,1,0.004576402982143335,0.004676402982143335,1.216136747971573,1.9858431304949018
2008-04-28,6.151429176330566,6.151429176330566,6.204119119382085,0,0.01468821571262956,0.01478821571262956,1.2339996268618354,2.015210207080104
2008-04-29,6.251786231994629,6.251786231994629,5.987294048401964,0,0.016314429181793377,0.016314429181793377,1.2339996268618354,2.0480872112899395
2008-04-30,6.212500095367432,6.212500095367432,6.135395180699561,1,-0.006383985915280233,-0.006283985915280232,1.2339996268618354,2.035217060100928
2008-05-01,6.428571224212647,6.428571224212647,6.233084832139866,0,0.03468006044721615,0.034780060447216155,1.2767948085132461,2.1060020324744437
2008-05-02,6.4621429443359375,6.4621429443359375,6.227444873646164,1,0.005122267740745412,0.005222267740745412,1.2767948085132461,2.1170001389505795
2008-05-05,6.59749984741211,6.597499847412109,6.5141775783013145,0,0.020846132612992053,0.020946132612992052,1.303411042411093,2.161343104602761
2008-05-06,6.666429042816162,6.666429042816162,6.398105839918571,1,0.010347775217621303,0.010447775217621302,1.303411042411093,2.1839243315278067
2008-05-07,6.521070957183838,6.521070957183838,6.79018739890671,1,-0.02180449003488072,-0.02180449003488072,1.2749908293254868,2.1363049752040753
2008-05-08,6.609285831451417,6.609285831451416,6.631154495207738,0,0.013427666674198358,0.013527666674198358,1.2921109811943292,2.1652041968230678
2008-05-09,6.551785945892334,6.551785945892334,6.370671967739327,1,-0.008799863650238781,-0.008699863650238782,1.2921109811943292,2.1463672155357822
2008-05-12,6.71999979019165,6.71999979019165,6.626628602589335,0,0.025574502446890735,0.025674502446890735,1.325156076644538,2.2014741258629815
2008-05-13,6.784286022186279,6.784286022186279,6.547077336181246,0,0.009566403869306628,0.009566403869306628,1.325156076644538,2.2225343164588156
2008-05-14,6.6521430015563965,6.6521430015563965,6.771596424612653,1,-0.019577808010709307,-0.019477808010709308,1.325156076644538,2.179244219745618
2008-05-15,6.776071071624756,6.776071071624756,6.820197548422584,0,0.01852979644895857,0.01862979644895857,1.3497109490078618,2.219843095972048
2008-05-16,6.700714111328125,6.700714111328125,6.684351140753279,1,-0.011221040422995775,-0.011121040422995776,1.3497109490078618,2.195156131169035
2008-05-19,6.557143211364746,6.557143211364746,6.798194747385423,1,-0.02142620884551094,-0.02142620884551094,1.3207917603333466,2.1481222574541037
2008-05-20,6.639286041259766,6.639286041259766,6.766826830084028,0,0.012427228283294223,0.012527228283294223,1.3372055410537032,2.1750322753536566
2008-05-21,6.36392879486084,6.36392879486084,6.619143472489668,1,-0.041573924257476094,-0.04147392425747609,1.3372055410537032,2.084825151508073
2008-05-22,6.323214054107666,6.323214054107666,6.627777483023237,1,-0.006397736691531319,-0.006397736691531319,1.328650452099585,2.0714869891408427
2008-05-23,6.4703569412231445,6.4703569412231445,6.392918470686709,0,0.023170268230108693,0.023270268230108693,1.3594356394587876,2.1196910470133306
2008-05-27,6.65821409225464,6.658214092254639,6.268526052797824,0,0.02903350661145776,0.02903350661145776,1.3594356394587876,2.18123311104104
2008-05-28,6.678928852081299,6.678928852081299,6.534021876705083,1,0.0030111585688956557,0.0031111585688956556,1.3594356394587876,2.188019273125214
2008-05-29,6.667500019073487,6.667500019073486,6.824444924572163,1,-0.0017111775347405933,-0.0017111775347405933,1.3571094037326201,2.1842751836994627
2008-05-30,6.741071224212647,6.741071224212647,6.682018565326871,0,0.010934301451623208,0.011034301451623207,1.3719484470558652,2.208377134529702
2008-06-02,6.646429061889648,6.646429061889648,6.659040956648823,1,-0.014139632452341188,-0.014039632452341189,1.3719484470558652,2.177372331244751
2008-06-03,6.620357036590576,6.620357036590576,6.788760002003983,1,-0.003922711738333029,-0.003922711738333029,1.3665666887782113,2.1688311272422554
2008-06-04,6.61392879486084,6.61392879486084,6.725745650932367,1,-0.0009709811259736023,-0.0009709811259736023,1.3652397783160235,2.1667252331522793
2008-06-05,6.76535701751709,6.76535701751709,6.686335570593656,0,0.022795351213020777,0.022895351213020776,1.3963608985527238,2.2163331683474152
2008-06-06,6.630000114440918,6.630000114440918,6.605496165517252,1,-0.020107355521031833,-0.020007355521031833,1.3963608985527238,2.1719902026952336
2008-06-09,6.4860711097717285,6.4860711097717285,6.8370129802278825,1,-0.021708748444165926,-0.021708748444165926,1.3660476510687733,2.1248390137617297
2008-06-10,6.630000114440918,6.630000114440918,6.580882272584859,0,0.022090475903409502,0.0221904759034095,1.3962242937876173,2.1719902026952336
2008-06-11,6.457499980926514,6.457499980926514,6.41290202732489,1,-0.026118119236329795,-0.026018119236329795,1.3962242937876173,2.115479102621369
2008-06-12,6.187857151031495,6.187857151031494,6.544118098699983,1,-0.041756535918151316,-0.041756535918151316,1.3379228039142792,2.027144023488661
2008-06-13,6.156071186065674,6.156071186065674,6.510661307882401,1,-0.0051368291461805216,-0.0051368291461805216,1.3310501230597929,2.016730930985299
2008-06-16,6.315713882446289,6.315713882446289,6.2025872788035485,0,0.025832561784205444,0.025932561784205443,1.3654345576016091,2.0690299304551933
2008-06-17,6.479642868041992,6.479642868041992,6.167320130938606,0,0.02595573337343904,0.02595573337343904,1.3654345576016091,2.1227331196717536
2008-06-18,6.3839287757873535,6.3839287757873535,6.313993866333476,1,-0.014871507350614387,-0.014771507350614388,1.3654345576016091,2.0913771517911295
2008-06-19,6.460713863372803,6.460713863372803,6.524413058530627,0,0.011927873474509177,0.012027873474509176,1.3817212882424035,2.1165319715603528
2008-06-20,6.259643077850342,6.259643077850342,6.451163227229699,1,-0.03122206944535578,-0.031122069445355782,1.3817212882424035,2.050661116558136
2008-06-23,6.184286117553711,6.184286117553711,6.57719192937293,1,-0.012038539475721977,-0.012038539475721977,1.3650873819694518,2.025974151755123
2008-06-24,6.1875,6.1875,6.3121138801689085,1,0.0005196852773623473,0.0005196852773623473,1.3657967977841745,2.027027020694107
2008-06-25,6.335357189178467,6.335357189178467,6.239490710922837,0,0.02379611138237857,0.02389611138237857,1.3982974505099428,2.075465084155704
2008-06-26,6.009285926818848,6.009285926818848,6.3192508646825445,1,-0.051568489087969197,-0.051468489087969194,1.3982974505099428,1.9686440321193752
2008-06-27,6.074643135070801,6.074643135070801,6.501992482790229,0,0.010776035696732345,0.010876035696732345,1.4133655537512877,1.9900550748868646
2008-06-30,5.980000019073486,5.980000019073486,6.015319768077461,1,-0.015680028965143655,-0.015580028965143655,1.4133655537512877,1.959049959177896
2008-07-01,6.238571166992188,6.238571166992188,6.060265363234066,0,0.04313932225651794,0.04323932225651794,1.4743371858408265,2.0437579516794075
2008-07-02,6.006429195404053,6.006429195404053,6.014553847788193,1,-0.03731075954320785,-0.03721075954320785,1.4743371858408265,1.967708165974946
2008-07-03,6.075714111328125,6.075714111328125,6.362281659115979,0,0.011435125724463136,0.011535125724463136,1.4911964169211676,1.9904059270585197
2008-07-07,6.255713939666748,6.255713939666748,5.983290374162607,0,0.02962611884634514,0.02962611884634514,1.4911964169211676,2.049373929606025
2008-07-08,6.412499904632568,6.412499904632568,6.086515540420805,0,0.02506284118454638,0.02506284118454638,1.4911964169211676,2.1007370629314908
2008-07-09,6.223214149475098,6.223214149475098,6.260692777112126,1,-0.029618246857317742,-0.029518246857317743,1.4911964169211676,2.0387269877255623
2008-07-10,6.30821418762207,6.30821418762207,6.567269780171046,0,0.013558543014166025,0.013658543014166025,1.5114148676825634,2.066573027981553
2008-07-11,6.163570880889893,6.163570880889893,6.279144493171771,1,-0.023029358837560642,-0.022929358837560643,1.5114148676825634,2.0191878334589397
2008-07-14,6.210000038146973,6.210000038146973,6.365484598507464,1,0.007532834156419588,0.007532834156419588,1.522800105222363,2.0343980405390463
2008-07-15,6.058570861816406,6.058570861816406,6.24962174747634,1,-0.024384730338222638,-0.024384730338222638,1.4856670352974986,1.984789792919893
2008-07-16,6.171785831451416,6.171785831451416,6.384597791180568,0,0.01858674514455826,0.01868674514455826,1.5132807498522447,2.0218790539457077
2008-07-17,6.13607120513916,6.13607120513916,6.016886423214601,1,-0.0058867572348758725,-0.005786757234875872,1.5132807498522447,2.0101789307022435
2008-07-18,5.898213863372803,5.898213863372803,6.358173541200813,1,-0.03876378448267426,-0.03876378448267426,1.4546202610031926,1.9322567878608892
2008-07-21,5.938929080963135,5.938929080963135,6.179609670125501,1,0.006902974109360249,0.006902974109360249,1.4646614670038485,1.9455951064401285
2008-07-22,5.786428928375244,5.786428928375244,5.971523053354758,1,-0.02567805584288252,-0.02567805584288252,1.4270518080632055,1.8956360066493199
2008-07-23,5.937857151031494,5.937857151031494,5.97737189920008,0,0.02606954680177308,0.02616954680177308,1.4642544019620642,1.9452439418444554
2008-07-24,5.679643154144287,5.679643154144287,5.798320624304324,1,-0.04358605739738143,-0.04348605739738143,1.4642544019620642,1.8606529521374988
2008-07-25,5.789999961853027,5.789999961853027,5.9433580754448485,0,0.019330236145771885,0.019430236145771884,1.492558785329477,1.896805878382858
2008-07-28,5.514286041259766,5.514286041259766,5.6412721504457295,1,-0.04771898487215577,-0.04761898487215577,1.492558785329477,1.8064819079547287
2008-07-29,5.610000133514404,5.610000133514404,5.958606852113007,0,0.01725747684078648,0.01735747684078648,1.5183165840008128,1.8378378758353526
2008-07-30,5.710000038146973,5.710000038146973,5.26489195738759,0,0.01782529451918613,0.01782529451918613,1.5183165840008128,1.8705978772506333
2008-07-31,5.676785945892334,5.676785945892334,5.668671208066371,0,-0.005816828727275736,-0.005816828727275736,1.5183165840008128,1.8597169297810607
2008-08-01,5.59499979019165,5.59499979019165,5.6283559492039785,1,-0.014507123411067312,-0.014407123411067313,1.5183165840008128,1.8329237584640539
2008-08-04,5.472499847412109,5.472499847412109,6.035477397508657,1,-0.021894539298158766,-0.021894539298158766,1.4850737418853608,1.7927927372038337
2008-08-05,5.73714303970337,5.737143039703369,5.815588645371463,0,0.048258739090035294,0.048358739090035296,1.5567415281244688,1.879489933424784
2008-08-06,5.86392879486084,5.86392879486084,5.476007440756803,1,0.021999110006507106,0.022099110006507106,1.5567415281244688,1.921024988219661
2008-08-07,5.841785907745361,5.841785907745361,5.95415058861181,0,-0.0038761180072453103,-0.0037761180072453104,1.5507074142546788,1.9137709711692765
2008-08-08,6.055356979370117,6.055356979370117,5.787075521875522,0,0.03655920894697484,0.03655920894697484,1.5507074142546788,1.983736923980909
2008-08-11,6.19857120513916,6.19857120513916,5.918221964133409,0,0.02365083119904532,0.02365083119904532,1.5507074142546788,2.030653951113295
2008-08-12,6.31178617477417,6.31178617477417,6.178983008070645,0,0.01826468808507742,0.01826468808507742,1.5507074142546788,2.067743212139109
2008-08-13,6.403571128845214,6.403571128845215,6.170070481068251,0,0.014541835152444671,0.014541835152444671,1.5507074142546788,2.0978119930676224
2008-08-14,6.404285907745361,6.404285907745361,6.383205208836444,0,0.00011162191935798482,0.00011162191935798482,1.5507074142546788,2.098046154868741
2008-08-15,6.2764291763305655,6.276429176330566,6.3973051050707,1,-0.020064244766175198,-0.0199642447661752,1.5507074142546788,2.0561602479022087
2008-08-18,6.263928890228272,6.263928890228272,6.511009453468432,1,-0.0019916238598588487,-0.0019916238598588487,1.5476189883687892,2.0520651500927936
2008-08-19,6.197500228881836,6.197500228881836,6.372412695669482,1,-0.010604951382839789,-0.010604951382839789,1.5312065642379784,2.0303030989416397
2008-08-20,6.28000020980835,6.28000020980835,6.329207828443032,0,0.013211815712735876,0.013311815712735875,1.551436583182822,2.0573301196357474
2008-08-21,6.224643230438232,6.224643230438232,6.239142565336806,1,-0.008914805337690634,-0.008814805337690634,1.551436583182822,2.0391951551157903
2008-08-22,6.313929080963135,6.313929080963135,6.327536729630083,0,0.014243930602849442,0.014343930602849442,1.5735351382084,2.068445228906438
2008-08-25,6.162499904632568,6.162499904632568,6.26017055873308,1,-0.024083350840466988,-0.023983350840466988,1.5735351382084,2.0188369812872846
2008-08-26,6.201428890228272,6.201428890228272,6.4019354413649125,1,0.006317076867853544,0.006317076867853544,1.583475280630731,2.031590129681742
2008-08-27,6.238214015960693,6.238214015960693,6.240639591356739,0,0.005831717735308428,0.005931717735308428,1.5927096615082077,2.0436409488848524
2008-08-28,6.204999923706056,6.204999923706055,6.229290045252128,1,-0.005424295089854103,-0.005324295089854103,1.5927096615082077,2.03276000141528
2008-08-29,6.054643154144287,6.054643154144287,6.231901137147361,1,-0.024231550589925543,-0.024231550589925543,1.5541158367703083,1.9835030746038085
2008-09-02,5.935357093811035,5.935357093811035,6.263721643710596,1,-0.019701583940847645,-0.019701583940847645,1.5234972931583775,1.9444249222825722
2008-09-03,5.962856769561768,5.962856769561768,6.037601085583447,1,0.0046331965063075575,0.0046331965063075575,1.530555955494408,1.953433825039269
2008-09-04,5.757856845855713,5.757856845855713,6.023605633024999,1,-0.034379481451324745,-0.034379481451324745,1.4779362354122734,1.8862757830849413
2008-09-05,5.720714092254639,5.720714092254639,5.923374518806668,1,-0.0064507949043242085,-0.0064507949043242085,1.4684023718759598,1.8741078048752668
2008-09-08,5.639999866485596,5.639999866485596,5.79187993096275,1,-0.014109117230368673,-0.014109117230368673,1.4476845106698104,1.8476657981539328
2008-09-09,5.417142868041992,5.417142868041992,5.734679611177853,1,-0.03951365314171018,-0.03951365314171018,1.390481207056577,1.7746577726838773
2008-09-10,5.414642810821533,5.414642810821533,5.665050493971648,0,-0.0005615084522152646,-0.0004615084522152646,1.3897004401061683,1.7738387531219941
2008-09-11,5.451786041259766,5.451786041259766,5.28497995770158,1,0.0067597748246659315,0.006859774824665932,1.3897004401061683,1.7860068875436772
2008-09-12,5.319285869598389,5.319285869598389,5.505739073803852,1,-0.02430399334430955,-0.02430399334430955,1.355925169859244,1.7425997880359247
2008-09-15,5.012856960296631,5.012856960296631,5.56182532771345,1,-0.05760715193990762,-0.05760715193990762,1.2778141825800176,1.6422135772760884
2008-09-16,4.99571418762207,4.99571418762207,5.42009525964022,0,-0.0035197609886610357,-0.003419760988661036,1.2733165820694146,1.6365975993494701
2008-09-17,4.565357208251953,4.565357208251953,4.917999695466278,1,-0.08624523633806293,-0.08614523633806292,1.2733165820694146,1.4956125123632036
2008-09-18,4.788928985595702,4.788928985595703,5.02529816508104,0,0.04887136568845939,0.04897136568845939,1.3355453023889081,1.5688546996343775
2008-09-19,5.03249979019165,5.03249979019165,4.534273630542884,0,0.050861227077822146,0.050861227077822146,1.3355453023889081,1.64864857476459
2008-09-22,4.680356979370117,4.680356979370117,4.841546924773866,1,-0.07007373581770639,-0.06997373581770638,1.3355453023889081,1.5332864749377744
2008-09-23,4.53000020980835,4.53000020980835,4.964581574877229,1,-0.03212506443942287,-0.03212506443942287,1.2926408234878959,1.4840295481263028
2008-09-24,4.596786022186279,4.596786022186279,4.777940726205998,0,0.014643004257113502,0.014743004257113501,1.3115689685691478,1.5059086020720112
2008-09-25,4.711785793304443,4.711785793304443,4.544160965186165,0,0.025017429691771786,0.025017429691771786,1.3115689685691478,1.543582564646582
2008-09-26,4.579999923706055,4.579999923706055,4.565571918727073,1,-0.028069410193829147,-0.027969410193829147,1.3115689685691478,1.500409470727939
2008-09-29,3.759285926818848,3.759285926818848,4.98501772077725,1,-0.17919519881194657,-0.17919519881194657,1.0765421064908196,1.2315432973215183
2008-09-30,4.059286117553711,4.059286117553711,4.696753175543563,0,0.07970244029714622,0.07980244029714623,1.1623451394607682,1.3298234577793695
2008-10-01,3.8971428871154794,3.8971428871154794,3.950711999237683,1,-0.040043779704778584,-0.03994377970477858,1.1623451394607682,1.2767052825355834
2008-10-02,3.575000047683716,3.575000047683716,4.174256280028203,1,-0.08266128514220372,-0.08266128514220372,1.066264196454147,1.1711711831333518
2008-10-03,3.4667859077453613,3.4667859077453613,3.895983513113606,1,-0.03026968908950578,-0.03026968908950578,1.0339887107402084,1.1357201955493166
2008-10-06,3.505000114440918,3.505000114440918,3.536418751860765,0,0.010922949703983765,0.011022949703983764,1.0452829174221108,1.1482391821426554
2008-10-07,3.184286117553711,3.184286117553711,3.24885049779914,1,-0.09160185061787486,-0.09150185061787486,1.0452829174221108,1.0431731720246473
2008-10-08,3.2067859172821045,3.2067859172821045,3.3538163919874933,1,0.007065885067413014,0.007065885067413014,1.0526687663795455,1.0505441137635823
2008-10-09,3.169286012649536,3.169286012649536,3.254211939824017,1,-0.011693922076454477,-0.011693922076454477,1.0403589398531856,1.0382591327593529
2008-10-10,3.457143068313598,3.457143068313598,3.43065212282454,1,0.09082709938930766,0.09082709938930766,1.1348517246837857,1.132561198202343
2008-10-13,3.937856912612915,3.937856912612915,3.4681822169986845,0,0.1389494506013631,0.1390494506013631,1.2925387483426072,1.2900432105848
2008-10-14,3.717143058776856,3.717143058776856,3.5314750845391245,1,-0.05614923153228725,-0.05604923153228725,1.2925387483426072,1.2177372799880775
2008-10-15,3.49821400642395,3.49821400642395,3.9351847061006993,1,-0.058897128491187334,-0.058897128491187334,1.2164119276016343,1.1460160509401107
2008-10-16,3.638928890228272,3.638928890228272,3.6614030172459024,1,0.04022477857155682,0.04022477857155682,1.2653418280412105,1.1921142928286266
2008-10-17,3.478570938110351,3.478570938110352,3.776151802401728,1,-0.04406734974913473,-0.04406734974913473,1.209581567152709,1.139580975345605
2008-10-20,3.515713930130005,3.515713930130005,3.763374859394389,0,0.010577658348928088,0.010677658348928087,1.2223761077152113,1.1517490316612835
2008-10-21,3.2674999237060547,3.2674999237060547,3.382712475628068,1,-0.0707013092523633,-0.0706013092523633,1.2223761077152113,1.0704340420958554
2008-10-22,3.4596428871154785,3.4596428871154785,3.526392158983072,0,0.0587042747959705,0.0588042747959705,1.294134810646554,1.1333801396582215
2008-10-23,3.508213996887207,3.508213996887207,3.337697251354257,1,0.0139393420235998,0.014039342023599799,1.294134810646554,1.1492920510816385
2008-10-24,3.442142963409424,3.442142963409424,3.706348612402508,0,-0.018933239231246245,-0.018833239231246246,1.2696326466790993,1.1276471589370483
2008-10-27,3.288928985595703,3.288928985595703,3.3757147493488446,1,-0.04461121857587315,-0.044511218575873146,1.2696326466790993,1.0774542097691389
2008-10-28,3.568213939666748,3.568213939666748,3.499724207093095,0,0.08481668725418222,0.08491668725418222,1.3773186818001801,1.1689480519308069
2008-10-29,3.733928918838501,3.733928918838501,3.400398271398444,0,0.04644199646482794,0.04644199646482794,1.3773186818001801,1.223236333226145
